L1_FEATURES,COV_TYPE,N_MIX,MIN_SEG_LEN,STANDARDIZE,Mean_Accuracy,Std_Accuracy,Mean_F1,Mean_Precision,Mean_Recall
"['x', 'y', 'v']",spherical,1,20,False,0.8944592513352642,0.04723810039899333,0.8626575030324094,0.8657906367804913,0.8772081187974742
"['x', 'y', 'v']",spherical,1,10,False,0.8944592513352642,0.04723810039899333,0.8626575030324094,0.8657906367804913,0.8772081187974742
"['x', 'y', 'v']",spherical,1,15,False,0.8944592513352642,0.04723810039899333,0.8626575030324094,0.8657906367804913,0.8772081187974742
"['x', 'y']",spherical,1,10,False,0.8891744796629684,0.046957549796199774,0.8569529606467735,0.8623287497148798,0.8683350845849517
"['x', 'y']",spherical,1,20,False,0.8891744796629684,0.046957549796199774,0.8569529606467735,0.8623287497148798,0.8683350845849517
"['x', 'y']",spherical,1,15,False,0.8891744796629684,0.046957549796199774,0.8569529606467735,0.8623287497148798,0.8683350845849517
"['x', 'y', 'v']",full,2,10,True,0.8887992307750934,0.04809059532009691,0.8444409932104506,0.8757115801711722,0.8449550758825729
"['x', 'y', 'v']",full,2,15,True,0.8886767117846497,0.047968356330984556,0.8436597260915025,0.8741506797762213,0.8452549496199466
"['x', 'y', 'v']",full,2,20,True,0.8884316738037626,0.047742751120842385,0.843273369853832,0.8739966934171179,0.8447814647714617
"['x', 'y']",diag,1,20,False,0.8802137433726235,0.07158051799070647,0.8565772926470849,0.8645932636227184,0.8706648190095186
"['x', 'y']",diag,1,15,False,0.8802137433726235,0.07158051799070647,0.8565772926470849,0.8645932636227184,0.8706648190095186
"['x', 'y']",diag,1,10,False,0.8799680431269231,0.07142852529663123,0.855884638701714,0.8636327291255987,0.8701331868989391
"['x', 'y', 'v']",full,1,15,True,0.879957381651529,0.0672698708323545,0.8525648777108977,0.8716476971734332,0.8654085164006244
"['x', 'y', 'v']",full,1,10,True,0.879957381651529,0.0672698708323545,0.8525648777108977,0.8716476971734332,0.8654085164006244
"['x', 'y', 'v']",full,1,20,True,0.879957381651529,0.0672698708323545,0.8525648777108977,0.8716476971734332,0.8654085164006244
"['x', 'y', 'v']",diag,2,20,True,0.8792478677277628,0.05067721491575964,0.846288119080604,0.8784231271121071,0.8451382227663544
"['x', 'y']",full,3,20,False,0.8777021678825645,0.053780731732729355,0.8183058451300237,0.8641343627108736,0.8154074398357524
"['x', 'y']",full,1,20,False,0.8771392521116869,0.05694111505594306,0.8474773551547173,0.8580797445747215,0.8618738335163244
"['x', 'y']",full,1,15,False,0.8770164019888367,0.056935393303939055,0.8471657882571489,0.8577497366222588,0.8616080174610347
"['x', 'y']",full,1,10,False,0.8770164019888367,0.056935393303939055,0.8471657882571489,0.8577497366222588,0.8616080174610347
"['x', 'y', 'v']",diag,3,15,True,0.8769285059300347,0.06772486402500312,0.8318548363584657,0.8680098356423236,0.8338289180334566
"['x', 'y', 'v']",diag,3,20,True,0.8760409764538234,0.06786571891531025,0.8285398335035644,0.8619533091061207,0.8329586622960048
"['x', 'y']",full,3,10,True,0.874916011469857,0.05169683080074286,0.8259326876704645,0.8617683451463801,0.8227975805319635
"['x', 'y', 'v']",diag,2,10,True,0.8743914738784686,0.05765417005007763,0.8386181768602833,0.8771978451090743,0.8378130481641738
"['x', 'y', 'v']",diag,2,15,True,0.873645623735614,0.05579170179464398,0.8376573949872285,0.8751441938459584,0.8372673319934575
"['x', 'y']",full,3,15,False,0.8734564923504341,0.06098254016169685,0.8396454946421508,0.8658147251384971,0.838878987645045
"['x', 'y']",full,3,10,False,0.8727672806732459,0.06043512215104646,0.8234249954558787,0.8671565894657064,0.8149582038172384
"['x', 'y']",full,3,20,True,0.8727430144518343,0.05198802191811069,0.8228123578445191,0.8605536375045092,0.8207085104937227
"['x', 'y']",full,2,15,False,0.8725357864168187,0.07728470117125825,0.8325737699240137,0.8532271527392339,0.8395803004444368
"['x', 'y', 'v']",full,1,20,False,0.8722338508216151,0.07520789121114535,0.8445683145475246,0.864106126298826,0.8617807807390464
"['x', 'y', 'v']",full,1,10,False,0.8722338508216151,0.07520789121114535,0.8445683145475246,0.864106126298826,0.8617807807390464
"['x', 'y', 'v']",full,1,15,False,0.8722338508216151,0.07520789121114535,0.8445683145475246,0.864106126298826,0.8617807807390464
"['x', 'y', 'v']",spherical,1,20,True,0.8719402791237723,0.08100792720058239,0.8109672257668421,0.8699508750046561,0.8039266453299952
"['x', 'y', 'v']",spherical,1,15,True,0.8719402791237723,0.08100792720058239,0.8109672257668421,0.8699508750046561,0.8039266453299952
"['x', 'y', 'v']",spherical,1,10,True,0.8719402791237723,0.08100792720058239,0.8109672257668421,0.8699508750046561,0.8039266453299952
"['x', 'y', 'v']",diag,1,20,False,0.871191649809742,0.06909395197497334,0.832330871169532,0.8620911252375341,0.8351841497871249
"['x', 'y', 'v']",diag,1,15,False,0.871191649809742,0.06909395197497334,0.832330871169532,0.8620911252375341,0.8351841497871249
"['x', 'y', 'v']",diag,1,10,False,0.871191649809742,0.06909395197497334,0.832330871169532,0.8620911252375341,0.8351841497871249
"['x', 'y']",full,2,10,False,0.8710695749957483,0.0768010976194512,0.8312247206101963,0.8516432478345265,0.8383401247501127
"['x', 'y', 'v']",spherical,3,20,True,0.8707087781224018,0.06246179523245384,0.8370563107801008,0.8714814525182742,0.8393047637084377
"['x', 'y', 'v']",spherical,3,15,True,0.8707087781224018,0.06246179523245384,0.8370563107801008,0.8714814525182742,0.8393047637084377
"['x', 'y', 'v']",spherical,3,10,True,0.8707087781224018,0.06246179523245384,0.8370563107801008,0.8714814525182742,0.8393047637084377
"['x', 'y']",full,3,15,True,0.870009862602955,0.07583224085248,0.8232922653485105,0.865945207801391,0.8166143820871278
"['x', 'y', 'v']",diag,3,10,True,0.8697879533378096,0.06497404769724044,0.8225511822439362,0.8545610141179104,0.8316192016982231
"['x', 'y', 'v']",diag,1,10,True,0.8683754447484163,0.07110840960750642,0.8438838209450875,0.8784851008696335,0.8578263368103987
"['x', 'y', 'v']",diag,1,20,True,0.8683754447484163,0.07110840960750642,0.8438838209450875,0.8784851008696335,0.8578263368103987
"['x', 'y', 'v']",diag,1,15,True,0.8683754447484163,0.07110840960750642,0.8438838209450875,0.8784851008696335,0.8578263368103987
"['x', 'y']",full,2,20,False,0.8668168713464387,0.08123998405808233,0.8287832013169116,0.8505924022438035,0.8382574229423964
"['x', 'y']",diag,2,15,False,0.8635674955486131,0.06577967290840828,0.8117999350524631,0.8359304919205741,0.8199430771010386
"['x', 'y', 'v']",full,3,15,True,0.8631949953109328,0.07395188554570747,0.8082231869115831,0.8610901462285017,0.811381574555978
"['x', 'y', 'v']",full,3,20,True,0.8627127828863369,0.07588327984287174,0.8114354027789701,0.859555371804894,0.8114421874636807
"['x', 'y', 'v']",diag,2,15,False,0.8597521350911798,0.07424735146445603,0.8225997370779595,0.8592854808286884,0.8186084336832926
"['x', 'y', 'v']",diag,2,20,False,0.8597521350911798,0.07424735146445603,0.8225997370779595,0.8592854808286884,0.8186084336832926
"['x', 'y', 'v']",diag,2,10,False,0.8597521350911798,0.07424735146445603,0.8225997370779595,0.8592854808286884,0.8186084336832926
"['x', 'y', 'v']",full,2,15,False,0.8569272915452423,0.07561572237135057,0.8063649696237823,0.8450740638664608,0.8032406975522046
"['x', 'y', 'v']",full,2,10,False,0.8569272915452423,0.07561572237135057,0.8063649696237823,0.8450740638664608,0.8032406975522046
"['x', 'y', 'v']",full,2,20,False,0.8569272915452423,0.07561572237135057,0.8063649696237823,0.8450740638664608,0.8032406975522046
"['x', 'y', 'v']",full,3,10,True,0.856913541571002,0.07544447674807665,0.8009564904130475,0.848264493575315,0.8080832129907478
"['x', 'y']",spherical,3,15,False,0.8561253067429803,0.08519793648449044,0.8190973248064662,0.8581549539510916,0.8134710476705419
"['x', 'y']",full,2,10,True,0.8552115293344226,0.06484591704214561,0.8045108132807312,0.8497990855718836,0.7998031714358839
"['x', 'y', 'v']",spherical,3,20,False,0.8544393858064868,0.08419897197007088,0.8178982231100509,0.8475835553094083,0.8259820568919203
"['x', 'y']",diag,2,10,False,0.8543430215683817,0.0640671329107583,0.8058565594597309,0.8266161077388161,0.8184128736434343
"['x', 'y']",diag,3,15,True,0.854307044306903,0.06968265259661446,0.7874763603462225,0.8418877276978236,0.7848578464747398
"['x', 'y']",full,1,10,True,0.8536519115190064,0.10854010197268478,0.8090794800314473,0.8468289295608371,0.8181502765964793
"['x', 'y']",full,1,15,True,0.8536519115190064,0.10854010197268478,0.8090794800314473,0.8468289295608371,0.8181502765964793
"['x', 'y']",full,1,20,True,0.8536519115190064,0.10854010197268478,0.8090794800314473,0.8468289295608371,0.8181502765964793
"['x', 'y']",spherical,3,10,False,0.8531606855013564,0.08536091303478444,0.8101433681619695,0.853638073958325,0.8034866824739345
"['x', 'y']",diag,2,20,False,0.8530629599149427,0.06994019502939719,0.8053820880402305,0.8275672447063598,0.8175912507537231
"['x', 'y', 'v']",full,3,20,False,0.8524714459572134,0.06255207260431044,0.8008260609114072,0.840612749643876,0.8037177595848114
"['x', 'y', 'v']",spherical,3,10,False,0.8521600735022162,0.08563392686021126,0.8138137653815096,0.8411103426458791,0.8248751440078791
"['x', 'y']",diag,1,20,True,0.8511048668458305,0.11862407181631744,0.7987722520400674,0.8423502438986723,0.8048268080015376
"['x', 'y']",diag,1,10,True,0.8511048668458305,0.11862407181631744,0.7987722520400674,0.8423502438986723,0.8048268080015376
"['x', 'y']",diag,1,15,True,0.8511048668458305,0.11862407181631744,0.7987722520400674,0.8423502438986723,0.8048268080015376
"['x', 'y']",full,2,15,True,0.8488139644607142,0.06642878970263612,0.798113958002213,0.8436991940504446,0.7956610989404077
"['x', 'y', 'v']",spherical,3,15,False,0.8481298523903414,0.0843626877751616,0.8064145439927983,0.8423064200408398,0.8117465976352775
"['x', 'y']",diag,3,10,True,0.8480528021839685,0.09303753916962443,0.7850405697123753,0.8314298606855851,0.782137240902085
"['x', 'y']",spherical,2,15,True,0.8476653745170695,0.09852125728362025,0.7911145269994712,0.8264345291424029,0.7932905942918143
"['x', 'y']",spherical,3,20,False,0.8457159613451032,0.09202247586582064,0.8057174702907997,0.8515149539646294,0.800654115390292
"['x', 'y']",full,2,20,True,0.8451683704856784,0.06559147368803074,0.7977303329170723,0.8405175572058369,0.7985277403559045
"['x', 'y', 'v']",spherical,2,20,False,0.8442091243817327,0.06746069405305781,0.803269954251775,0.8211452916941447,0.820608488846633
"['x', 'y']",spherical,2,20,True,0.8440155672827843,0.10173972106079927,0.7793300421146803,0.8260797974261055,0.7834688634004238
"['x', 'y', 'v']",full,3,15,False,0.8437117375333373,0.06944544986106051,0.800528709943981,0.8388249112462087,0.8064280319393702
"['x', 'y']",spherical,2,10,True,0.8424924803944389,0.09809155614921186,0.7812435096743495,0.8216747211160477,0.7834315056590053
"['x', 'y']",spherical,1,10,True,0.8424479973568986,0.1244637152284546,0.786713410120557,0.8340389968410928,0.7915008247954414
"['x', 'y']",spherical,1,15,True,0.8424479973568986,0.1244637152284546,0.786713410120557,0.8340389968410928,0.7915008247954414
"['x', 'y']",spherical,1,20,True,0.8424479973568986,0.1244637152284546,0.786713410120557,0.8340389968410928,0.7915008247954414
"['x', 'y']",spherical,3,20,True,0.8411617383974218,0.09002195875573386,0.7901881395382123,0.8362092645200864,0.7931843181729118
"['x', 'y']",spherical,2,15,False,0.8410153846142492,0.061824043190843364,0.7954964977857185,0.8229123909893142,0.8065074884964516
"['x', 'y']",diag,3,15,False,0.8406055926934283,0.0628162222073075,0.7988939046677298,0.8226364354054336,0.8107517178308583
"['x', 'y']",diag,3,20,True,0.8397415143038608,0.09413645272101194,0.7763355922986013,0.8224173927644908,0.7788061939469914
"['x', 'y', 'v']",full,3,10,False,0.8393336100308126,0.06642529982558881,0.7791442917145823,0.8257650797683329,0.784887711515086
"['x', 'y']",spherical,2,10,False,0.8381747592337259,0.0618757322501575,0.792251147277744,0.8211731818902304,0.8024207409170245
"['x', 'y']",diag,2,15,True,0.8363211746716396,0.1017035642727941,0.7551552021597836,0.8324736257394225,0.7443444534723274
"['x', 'y', 'v']",spherical,2,10,False,0.8362996794732964,0.08285040978316185,0.7926449642976656,0.8118615654754534,0.8125944926887779
"['x', 'y', 'v']",spherical,2,15,True,0.8358398492848402,0.07125676677893675,0.7968070289831913,0.8437852750308924,0.798463797372372
"['x', 'y', 'v']",spherical,2,20,True,0.8357812738396668,0.07132145030384521,0.7967076736259654,0.8437542231011063,0.798381897290472
"['x', 'y', 'v']",diag,3,10,False,0.8357411953211642,0.09453538400767228,0.7697100490870189,0.8207103424920569,0.7745840668541373
"['x', 'y', 'v']",diag,3,20,False,0.8357221226993518,0.0944818088224088,0.7689685188713251,0.8205530737736049,0.7742221055612322
"['x', 'y']",diag,3,10,False,0.8353954534079194,0.07657192212972953,0.7980161732268362,0.8210715684106618,0.8042657346052273
"['x', 'y', 'v']",spherical,2,10,True,0.833965435039292,0.07378429305209973,0.7933015116886043,0.8428803842124569,0.7958429947515694
"['x', 'y']",diag,3,20,False,0.8334872555627931,0.06953083626386532,0.7924322855586028,0.818545507396595,0.80154149111328
"['x', 'y']",diag,2,10,True,0.8332795370957207,0.10111946193590715,0.7599514800986206,0.8276623540526835,0.7489913577304862
"['x', 'y']",spherical,3,10,True,0.8302564389784766,0.1257702003230971,0.7777064976024701,0.8272032481187491,0.784598276412022
"['x', 'y']",diag,2,20,True,0.8292726552495022,0.1008888792676807,0.7492141145710086,0.8255443098002186,0.7416227461503616
"['x', 'y', 'v']",spherical,2,15,False,0.8286436276446717,0.09238561218665219,0.7859990318649658,0.8057614332633783,0.8094282543572814
"['x', 'y', 'v']",diag,3,15,False,0.8247059635042664,0.10032516787794067,0.7589798897511953,0.798631674843763,0.7709153817401478
"['x', 'y']",spherical,3,15,True,0.820558327681028,0.11974355981936431,0.7719118697856218,0.8133351097147294,0.7916852446566213
"['x', 'y']",spherical,2,20,False,0.8174959322130791,0.10185927092616438,0.7797109160190444,0.8131220099132309,0.798524180729001
