Label,Metric,Grid search,Paper,Difference (percentage points)
Fixation,Precision,0.934784506129252,0.9743,-3.951549387074804
Fixation,Recall,0.9284261111153386,0.9665,-3.8073888884661455
Fixation,F1,0.926000624318788,0.9699,-4.389937568121194
Smooth Pursuit,Precision,0.7350705874232233,0.8784,-14.332941257677668
Smooth Pursuit,Recall,0.7790668150391162,0.9076,-12.853318496088374
Smooth Pursuit,F1,0.7402454132187953,0.8893,-14.905458678120464
Saccade,Precision,0.8819029797764211,0.9301,-4.819702022357896
Saccade,Recall,0.8189933986049508,0.8967,-7.770660139504926
Saccade,F1,0.8224481363145951,0.9077,-8.525186368540483
